Año;Nro_Mes;Mes;Cuenta_de_Ingreso;Importe_Original;Importe_Numerico;Porcentaje_Original;Porcentaje_Numerico
2022;01;Enero;"S/D";"6.277.529,80";6277529.8;"95.9%";0.9590000000000001
2022;01;Enero;"CUENTA UNICA";"186.918,77";186918.77;"2.86%";0.0286
2022;01;Enero;"MAYORISTA";"79.496,00";79496;"1.21%";0.0121
2022;01;Enero;"MOSTRADOR";"2.000,00";2000;"0.03%";0.0003
2022;02;Febrero;"MERCADO LIBRE";"2.929.971,96";2929971.96;"48.17%";0.4817
2022;02;Febrero;"MOSTRADOR";"2.183.745,22";2183745.22;"35.91%";0.3591
2022;02;Febrero;"INSTAGRAM";"496.280,15";496280.15;"8.16%";0.0816
2022;02;Febrero;"S/D";"245.490,58";245490.58;"4.04%";0.0404
2022;02;Febrero;"MAYORISTA";"218.768,56";218768.56;"3.6%";0.036000000000000004
2022;02;Febrero;"CUENTA UNICA";"7.692,00";7692;"0.13%";0.0013
2022;03;Marzo;"MERCADO LIBRE";"3.952.728,46";3952728.46;"58.31%";0.5831000000000001
2022;03;Marzo;"MOSTRADOR";"1.674.958,73";1674958.73;"24.71%";0.24710000000000001
2022;03;Marzo;"INSTAGRAM";"644.530,26";644530.26;"9.51%";0.0951
2022;03;Marzo;"MAYORISTA";"451.111,25";451111.25;"6.65%";0.0665
2022;03;Marzo;"S/D";"37.156,00";37156;"0.55%";0.0055000000000000005
2022;03;Marzo;"CUENTA UNICA";"18.300,00";18300;"0.27%";0.0027
2022;04;Abril;"MERCADO LIBRE";"4.438.551,40";4438551.4;"56.58%";0.5658
2022;04;Abril;"MOSTRADOR";"1.699.002,00";1699002;"21.66%";0.21660000000000001
2022;04;Abril;"INSTAGRAM";"1.232.250,28";1232250.28;"15.71%";0.15710000000000002
2022;04;Abril;"MAYORISTA";"434.936,00";434936;"5.54%";0.0554
2022;04;Abril;"CUENTA UNICA";"20.900,00";20900;"0.27%";0.0027
2022;04;Abril;"S/D";"19.746,52";19746.52;"0.25%";0.0025
2022;05;Mayo;"MERCADO LIBRE";"5.777.878,81";5777878.81;"68.99%";0.6899
2022;05;Mayo;"INSTAGRAM";"963.193,79";963193.79;"11.5%";0.115
2022;05;Mayo;"MOSTRADOR";"949.322,97";949322.97;"11.34%";0.1134
2022;05;Mayo;"MAYORISTA";"656.151,18";656151.18;"7.83%";0.0783
2022;05;Mayo;"S/D";"28.263,04";28263.04;"0.34%";0.0034000000000000002
2022;06;Junio;"MERCADO LIBRE";"6.362.669,92";6362669.92;"65.32%";0.6531999999999999
2022;06;Junio;"INSTAGRAM";"1.582.744,87";1582744.87;"16.25%";0.1625
2022;06;Junio;"MOSTRADOR";"1.126.912,74";1126912.74;"11.57%";0.1157
2022;06;Junio;"MAYORISTA";"665.593,87";665593.87;"6.83%";0.0683
2022;06;Junio;"S/D";"3.400,00";3400;"0.03%";0.0003
2022;07;Julio;"MERCADO LIBRE";"7.218.545,01";7218545.01;"67.14%";0.6714
2022;07;Julio;"INSTAGRAM";"1.426.092,22";1426092.22;"13.26%";0.1326
2022;07;Julio;"MAYORISTA";"1.111.240,99";1111240.99;"10.33%";0.1033
2022;07;Julio;"MOSTRADOR";"966.753,52";966753.52;"8.99%";0.08990000000000001
2022;07;Julio;"MAYORISTA COSTO";"29.600,00";29600;"0.28%";0.0028000000000000004
2022;08;Agosto;"MERCADO LIBRE";"5.106.195,82";5106195.82;"57.76%";0.5776
2022;08;Agosto;"MOSTRADOR";"1.380.964,04";1380964.04;"15.62%";0.1562
2022;08;Agosto;"INSTAGRAM";"1.302.012,70";1302012.7;"14.73%";0.14730000000000001
2022;08;Agosto;"MAYORISTA";"856.225,00";856225;"9.68%";0.0968
2022;08;Agosto;"MAYORISTA COSTO";"192.357,00";192357;"2.18%";0.0218
2022;08;Agosto;"FLETE";"3.054,00";3054;"0.03%";0.0003
2022;09;Septiembre;"MERCADO LIBRE";"5.344.529,40";5344529.4;"56.01%";0.5600999999999999
2022;09;Septiembre;"INSTAGRAM";"1.806.911,35";1806911.35;"18.94%";0.1894
2022;09;Septiembre;"MOSTRADOR";"1.610.104,70";1610104.7;"16.87%";0.16870000000000002
2022;09;Septiembre;"MAYORISTA";"679.148,00";679148;"7.12%";0.0712
2022;09;Septiembre;"MAYORISTA COSTO";"68.725,94";68725.94;"0.72%";0.0072
2022;09;Septiembre;"CUENTA UNICA";"32.000,00";32000;"0.34%";0.0034000000000000002
2022;10;Octubre;"MERCADO LIBRE";"5.716.562,99";5716562.99;"57.61%";0.5761
2022;10;Octubre;"INSTAGRAM";"1.810.783,45";1810783.45;"18.25%";0.1825
2022;10;Octubre;"MOSTRADOR";"1.689.869,82";1689869.82;"17.03%";0.1703
2022;10;Octubre;"MAYORISTA";"701.896,04";701896.04;"7.07%";0.0707
2022;10;Octubre;"MAYORISTA COSTO";"4.053,28";4053.28;"0.04%";0.0004
2022;11;Noviembre;"MERCADO LIBRE";"6.569.439,87";6569439.87;"63.37%";0.6336999999999999
2022;11;Noviembre;"MOSTRADOR";"1.724.641,22";1724641.22;"16.64%";0.1664
2022;11;Noviembre;"INSTAGRAM";"1.514.500,08";1514500.08;"14.61%";0.1461
2022;11;Noviembre;"MAYORISTA";"493.463,00";493463;"4.76%";0.047599999999999996
2022;11;Noviembre;"WHATSAPP";"64.105,00";64105;"0.62%";0.0062
2022;11;Noviembre;"CUENTA UNICA";"1.000,00";1000;"0.01%";0.0001
2022;12;Diciembre;"MERCADO LIBRE";"6.828.428,30";6828428.3;"65.31%";0.6531
2022;12;Diciembre;"MOSTRADOR";"1.668.454,20";1668454.2;"15.96%";0.15960000000000002
2022;12;Diciembre;"INSTAGRAM";"1.296.442,33";1296442.33;"12.4%";0.124
2022;12;Diciembre;"MAYORISTA";"540.558,96";540558.96;"5.17%";0.051699999999999996
2022;12;Diciembre;"WHATSAPP";"103.233,00";103233;"0.99%";0.009899999999999999
2022;12;Diciembre;"S/D";"18.599,17";18599.17;"0.18%";0.0018
2023;01;Enero;"MERCADO LIBRE";"9.256.359,27";9256359.27;"61.77%";0.6177
2023;01;Enero;"MOSTRADOR";"2.512.060,98";2512060.98;"16.76%";0.16760000000000003
2023;01;Enero;"INSTAGRAM";"1.576.376,29";1576376.29;"10.52%";0.1052
2023;01;Enero;"MAYORISTA";"1.160.702,97";1160702.97;"7.75%";0.0775
2023;01;Enero;"WHATSAPP";"478.804,57";478804.57;"3.19%";0.0319
2023;01;Enero;"CUENTA UNICA";"1.900,00";1900;"0.01%";0.0001
2023;02;Febrero;"MERCADO LIBRE";"7.400.392,53";7400392.53;"57.12%";0.5711999999999999
2023;02;Febrero;"MOSTRADOR";"2.934.501,35";2934501.35;"22.65%";0.22649999999999998
2023;02;Febrero;"INSTAGRAM";"1.653.435,47";1653435.47;"12.76%";0.1276
2023;02;Febrero;"MAYORISTA";"844.956,00";844956;"6.52%";0.0652
2023;02;Febrero;"WHATSAPP";"132.824,33";132824.33;"1.03%";0.0103
2023;02;Febrero;"CUENTA UNICA";"1.000,00";1000;"0.01%";0.0001
2023;02;Febrero;"NOTA CREDITO";"-11.962,30";-11962.3;"-0.09%";-0.0009
2023;03;Marzo;"MERCADO LIBRE";"8.877.974,38";8877974.38;"57.15%";0.5715
2023;03;Marzo;"MOSTRADOR";"2.173.944,46";2173944.46;"13.99%";0.1399
2023;03;Marzo;"INSTAGRAM";"1.991.384,97";1991384.97;"12.82%";0.1282
2023;03;Marzo;"MAYORISTA";"1.313.074,00";1313074;"8.45%";0.08449999999999999
2023;03;Marzo;"WHATSAPP";"702.594,49";702594.49;"4.52%";0.0452
2023;03;Marzo;"CUENTA UNICA";"473.269,00";473269;"3.05%";0.0305
2023;03;Marzo;"NOTA CREDITO";"1.800,00";1800;"0.01%";0.0001
2023;04;Abril;"MERCADO LIBRE";"9.144.021,36";9144021.36;"59.08%";0.5908
2023;04;Abril;"INSTAGRAM";"2.058.576,25";2058576.25;"13.3%";0.133
2023;04;Abril;"MOSTRADOR";"2.041.049,99";2041049.99;"13.19%";0.1319
2023;04;Abril;"MAYORISTA";"1.695.615,00";1695615;"10.96%";0.1096
2023;04;Abril;"WHATSAPP";"536.749,41";536749.41;"3.47%";0.0347
2023;04;Abril;"NOTA CREDITO";"1.700,00";1700;"0.01%";0.0001
2023;05;Mayo;"MERCADO LIBRE";"10.044.975,77";10044975.77;"57.41%";0.5740999999999999
2023;05;Mayo;"INSTAGRAM";"2.803.988,26";2803988.26;"16.03%";0.1603
2023;05;Mayo;"MOSTRADOR";"1.962.501,58";1962501.58;"11.22%";0.11220000000000001
2023;05;Mayo;"MAYORISTA";"1.693.868,00";1693868;"9.68%";0.0968
2023;05;Mayo;"WHATSAPP";"550.646,28";550646.28;"3.15%";0.0315
2023;05;Mayo;"MAYORISTA COSTO";"439.720,00";439720;"2.51%";0.025099999999999997
2023;05;Mayo;"NOTA CREDITO";"600,00";600;"0%";0
2023;06;Junio;"MERCADO LIBRE";"9.910.688,03";9910688.03;"54.95%";0.5495
2023;06;Junio;"INSTAGRAM";"3.142.936,56";3142936.56;"17.43%";0.1743
2023;06;Junio;"MOSTRADOR";"2.279.551,78";2279551.78;"12.64%";0.1264
2023;06;Junio;"MAYORISTA";"2.228.059,00";2228059;"12.35%";0.1235
2023;06;Junio;"WHATSAPP";"425.908,82";425908.82;"2.36%";0.0236
2023;06;Junio;"S/D";"38.235,00";38235;"0.21%";0.0021
2023;06;Junio;"MAYORISTA COSTO";"10.111,61";10111.61;"0.06%";0.0006
2023;07;Julio;"MERCADO LIBRE";"12.254.571,51";12254571.51;"59.26%";0.5926
2023;07;Julio;"INSTAGRAM";"3.444.275,39";3444275.39;"16.65%";0.16649999999999998
2023;07;Julio;"MOSTRADOR";"2.193.927,38";2193927.38;"10.61%";0.1061
2023;07;Julio;"MAYORISTA";"2.016.189,84";2016189.84;"9.75%";0.0975
2023;07;Julio;"WHATSAPP";"770.560,65";770560.65;"3.73%";0.0373
2023;07;Julio;"NOTA CREDITO";"1.500,00";1500;"0.01%";0.0001
2023;08;Agosto;"MERCADO LIBRE";"15.193.009,06";15193009.06;"62.29%";0.6229
2023;08;Agosto;"INSTAGRAM";"4.199.450,30";4199450.3;"17.22%";0.1722
2023;08;Agosto;"MOSTRADOR";"2.799.755,83";2799755.83;"11.48%";0.1148
2023;08;Agosto;"MAYORISTA";"1.523.216,98";1523216.98;"6.25%";0.0625
2023;08;Agosto;"WHATSAPP";"642.230,08";642230.08;"2.63%";0.0263
2023;08;Agosto;"MAYORISTA COSTO";"32.127,71";32127.71;"0.13%";0.0013
2023;09;Septiembre;"MERCADO LIBRE";"14.040.336,11";14040336.11;"58.92%";0.5892000000000001
2023;09;Septiembre;"MOSTRADOR";"3.239.633,90";3239633.9;"13.6%";0.136
2023;09;Septiembre;"MAYORISTA";"3.198.610,00";3198610;"13.42%";0.13419999999999999
2023;09;Septiembre;"INSTAGRAM";"2.615.462,39";2615462.39;"10.98%";0.10980000000000001
2023;09;Septiembre;"WHATSAPP";"735.403,31";735403.31;"3.09%";0.030899999999999997
2023;10;Octubre;"MERCADO LIBRE";"17.295.992,27";17295992.27;"66.85%";0.6685
2023;10;Octubre;"MOSTRADOR";"3.345.766,37";3345766.37;"12.93%";0.1293
2023;10;Octubre;"INSTAGRAM";"2.460.369,58";2460369.58;"9.51%";0.0951
2023;10;Octubre;"MAYORISTA";"1.842.865,00";1842865;"7.12%";0.0712
2023;10;Octubre;"WHATSAPP";"869.220,50";869220.5;"3.36%";0.0336
2023;10;Octubre;"S/D";"59.000,00";59000;"0.23%";0.0023
2023;11;Noviembre;"MERCADO LIBRE";"14.905.413,73";14905413.73;"63.09%";0.6309
2023;11;Noviembre;"MOSTRADOR";"3.242.612,61";3242612.61;"13.72%";0.13720000000000002
2023;11;Noviembre;"INSTAGRAM";"2.227.562,89";2227562.89;"9.43%";0.0943
2023;11;Noviembre;"MAYORISTA";"2.050.832,00";2050832;"8.68%";0.0868
2023;11;Noviembre;"WHATSAPP";"1.133.284,17";1133284.17;"4.8%";0.048
2023;11;Noviembre;"MAYORISTA COSTO";"67.696,80";67696.8;"0.29%";0.0029
2023;12;Diciembre;"MERCADO LIBRE";"18.346.630,64";18346630.64;"68.54%";0.6854
2023;12;Diciembre;"MOSTRADOR";"4.511.484,73";4511484.73;"16.86%";0.1686
2023;12;Diciembre;"INSTAGRAM";"2.642.487,51";2642487.51;"9.87%";0.0987
2023;12;Diciembre;"WHATSAPP";"737.997,00";737997;"2.76%";0.0276
2023;12;Diciembre;"MAYORISTA";"527.674,00";527674;"1.97%";0.0197
2024;01;Enero;"MERCADO LIBRE";"18.635.258,90";18635258.9;"67.29%";0.6729
2024;01;Enero;"MOSTRADOR";"3.718.977,83";3718977.83;"13.43%";0.1343
2024;01;Enero;"INSTAGRAM";"2.710.414,99";2710414.99;"9.79%";0.09789999999999999
2024;01;Enero;"WHATSAPP";"1.336.677,29";1336677.29;"4.83%";0.0483
2024;01;Enero;"MAYORISTA";"1.291.944,00";1291944;"4.67%";0.0467
2024;02;Febrero;"MERCADO LIBRE";"18.080.255,11";18080255.11;"61%";0.61
2024;02;Febrero;"MOSTRADOR";"7.036.630,90";7036630.9;"23.74%";0.23739999999999997
2024;02;Febrero;"INSTAGRAM";"2.639.619,37";2639619.37;"8.91%";0.0891
2024;02;Febrero;"MAYORISTA";"1.105.081,00";1105081;"3.73%";0.0373
2024;02;Febrero;"WHATSAPP";"777.694,00";777694;"2.62%";0.0262
2024;03;Marzo;"MERCADO LIBRE";"25.708.447,19";25708447.19;"67.57%";0.6757
2024;03;Marzo;"MOSTRADOR";"5.041.618,10";5041618.1;"13.25%";0.1325
2024;03;Marzo;"INSTAGRAM";"3.788.323,59";3788323.59;"9.96%";0.09960000000000001
2024;03;Marzo;"MAYORISTA";"2.231.279,00";2231279;"5.86%";0.058600000000000006
2024;03;Marzo;"WHATSAPP";"1.234.552,16";1234552.16;"3.24%";0.032400000000000005
2024;03;Marzo;"S/D";"24.389,00";24389;"0.06%";0.0006
2024;03;Marzo;"CHINA MAYORISTA";"18.078,00";18078;"0.05%";0.0005
2024;04;Abril;"MERCADO LIBRE";"26.017.492,17";26017492.17;"68.99%";0.6899
2024;04;Abril;"MOSTRADOR";"4.837.308,41";4837308.41;"12.83%";0.1283
2024;04;Abril;"INSTAGRAM";"3.469.401,53";3469401.53;"9.2%";0.092
2024;04;Abril;"MAYORISTA";"1.788.205,00";1788205;"4.74%";0.047400000000000005
2024;04;Abril;"WHATSAPP";"1.599.558,83";1599558.83;"4.24%";0.0424
2024;05;Mayo;"MERCADO LIBRE";"33.079.462,19";33079462.19;"73.22%";0.7322
2024;05;Mayo;"MOSTRADOR";"4.746.053,34";4746053.34;"10.51%";0.1051
2024;05;Mayo;"INSTAGRAM";"3.546.483,98";3546483.98;"7.85%";0.0785
2024;05;Mayo;"MAYORISTA";"2.216.241,00";2216241;"4.91%";0.049100000000000005
2024;05;Mayo;"WHATSAPP";"1.504.790,00";1504790;"3.33%";0.0333
2024;05;Mayo;"NOTA CREDITO";"84.901,96";84901.96;"0.19%";0.0019
2024;06;Junio;"MERCADO LIBRE";"43.077.441,90";43077441.9;"78.76%";0.7876000000000001
2024;06;Junio;"MOSTRADOR";"4.985.999,11";4985999.11;"9.12%";0.09119999999999999
2024;06;Junio;"WHATSAPP";"2.350.295,14";2350295.14;"4.3%";0.043
2024;06;Junio;"INSTAGRAM";"2.323.060,00";2323060;"4.25%";0.0425
2024;06;Junio;"MAYORISTA";"1.917.963,00";1917963;"3.51%";0.0351
2024;06;Junio;"S/D";"40.700,00";40700;"0.07%";0.0007000000000000001
2024;07;Julio;"MERCADO LIBRE";"44.546.562,70";44546562.7;"72%";0.72
2024;07;Julio;"MOSTRADOR";"5.997.352,99";5997352.99;"9.69%";0.0969
2024;07;Julio;"INSTAGRAM";"5.630.685,65";5630685.65;"9.1%";0.091
2024;07;Julio;"MAYORISTA";"3.429.282,00";3429282;"5.54%";0.0554
2024;07;Julio;"WHATSAPP";"2.262.134,69";2262134.69;"3.66%";0.0366
2024;08;Agoto;"MERCADO LIBRE";"50.590.355,25";50590355.25;"69.67%";0.6967
2024;08;Agoto;"MAYORISTA";"11.194.292,99";11194292.99;"15.42%";0.1542
2024;08;Agoto;"MOSTRADOR";"5.825.081,19";5825081.19;"8.02%";0.0802
2024;08;Agoto;"INSTAGRAM";"2.908.844,49";2908844.49;"4.01%";0.0401
2024;08;Agoto;"WHATSAPP";"2.093.995,00";2093995;"2.88%";0.0288
2024;09;Septiembre;"MERCADO LIBRE";"50.304.310,58";50304310.58;"70.29%";0.7029000000000001
2024;09;Septiembre;"MAYORISTA";"6.669.576,00";6669576;"9.32%";0.0932
2024;09;Septiembre;"MOSTRADOR";"6.633.418,16";6633418.16;"9.27%";0.09269999999999999
2024;09;Septiembre;"INSTAGRAM";"4.930.884,02";4930884.02;"6.89%";0.0689
2024;09;Septiembre;"WHATSAPP";"3.024.616,00";3024616;"4.23%";0.042300000000000004
2024;10;Octubre;"MERCADO LIBRE";"42.736.983,02";42736983.02;"64.63%";0.6463
2024;10;Octubre;"MAYORISTA";"11.636.994,02";11636994.02;"17.6%";0.17600000000000002
2024;10;Octubre;"MOSTRADOR";"6.273.490,02";6273490.02;"9.49%";0.0949
2024;10;Octubre;"INSTAGRAM";"4.020.861,32";4020861.32;"6.08%";0.0608
2024;10;Octubre;"WHATSAPP";"1.453.568,07";1453568.07;"2.2%";0.022000000000000002
2024;11;Noviembre;"MERCADO LIBRE";"44.726.981,99";44726981.99;"64.16%";0.6416
2024;11;Noviembre;"MAYORISTA";"9.999.448,00";9999448;"14.34%";0.1434
2024;11;Noviembre;"MOSTRADOR";"6.048.958,62";6048958.62;"8.68%";0.0868
2024;11;Noviembre;"INSTAGRAM";"5.030.084,36";5030084.36;"7.22%";0.0722
2024;11;Noviembre;"MAYORISTA COSTO";"1.705.365,00";1705365;"2.45%";0.0245
2024;11;Noviembre;"WHATSAPP";"1.501.858,00";1501858;"2.15%";0.0215
2024;11;Noviembre;"S/D";"694.726,00";694726;"1%";0.01
2024;11;Noviembre;"NOTA CREDITO";"4.000,00";4000;"0.01%";0.0001
2024;12;Diciembre;"MERCADO LIBRE";"39.120.470,83";39120470.83;"65.49%";0.6548999999999999
2024;12;Diciembre;"MOSTRADOR";"8.207.501,99";8207501.99;"13.74%";0.1374
2024;12;Diciembre;"MAYORISTA";"7.545.499,00";7545499;"12.63%";0.1263
2024;12;Diciembre;"INSTAGRAM";"3.872.382,69";3872382.69;"6.48%";0.06480000000000001
2024;12;Diciembre;"WHATSAPP";"988.424,10";988424.1;"1.65%";0.0165
2025;01;Enero;"MERCADO LIBRE";"45.090.238,45";45090238.45;"66.38%";0.6638
2025;01;Enero;"MAYORISTA";"9.683.546,68";9683546.68;"14.26%";0.1426
2025;01;Enero;"MOSTRADOR";"6.869.933,17";6869933.17;"10.11%";0.1011
2025;01;Enero;"INSTAGRAM";"3.989.440,75";3989440.75;"5.87%";0.0587
2025;01;Enero;"WHATSAPP";"2.170.821,05";2170821.05;"3.2%";0.032
2025;01;Enero;"MAYORISTA COSTO";"103.734,36";103734.36;"0.15%";0.0015
2025;01;Enero;"CHINA MAYORISTA";"15.000,00";15000;"0.02%";0.0002
2025;02;Febrero;"MERCADO LIBRE";"30.149.126,44";30149126.44;"57.31%";0.5731
2025;02;Febrero;"MOSTRADOR";"9.750.407,89";9750407.89;"18.53%";0.18530000000000002
2025;02;Febrero;"MAYORISTA";"8.113.112,00";8113112;"15.42%";0.1542
2025;02;Febrero;"INSTAGRAM";"3.741.621,61";3741621.61;"7.11%";0.0711
2025;02;Febrero;"WHATSAPP";"714.629,63";714629.63;"1.36%";0.013600000000000001
2025;02;Febrero;"S/D";"138.090,00";138090;"0.26%";0.0026
2025;03;Marzo;"MERCADO LIBRE";"33.766.878,77";33766878.77;"60.4%";0.604
2025;03;Marzo;"MAYORISTA";"11.281.190,84";11281190.84;"20.18%";0.2018
2025;03;Marzo;"MOSTRADOR";"5.284.716,70";5284716.7;"9.45%";0.09449999999999999
2025;03;Marzo;"INSTAGRAM";"4.210.967,46";4210967.46;"7.53%";0.0753
2025;03;Marzo;"WHATSAPP";"1.043.387,89";1043387.89;"1.87%";0.0187
2025;03;Marzo;"S/D";"316.579,00";316579;"0.57%";0.005699999999999999
2025;04;Abril;"MERCADO LIBRE";"37.287.724,50";37287724.5;"64.04%";0.6404000000000001
2025;04;Abril;"MAYORISTA";"10.386.143,84";10386143.84;"17.84%";0.1784
2025;04;Abril;"MOSTRADOR";"6.524.332,94";6524332.94;"11.21%";0.1121
2025;04;Abril;"INSTAGRAM";"2.277.974,49";2277974.49;"3.91%";0.0391
2025;04;Abril;"WHATSAPP";"1.689.225,59";1689225.59;"2.9%";0.028999999999999998
2025;04;Abril;"S/D";"58.500,00";58500;"0.1%";0.001
2025;05;Mayo;"MERCADO LIBRE";"52.478.867,23";52478867.23;"73.1%";0.731
2025;05;Mayo;"MAYORISTA";"7.796.266,20";7796266.2;"10.86%";0.10859999999999999
2025;05;Mayo;"MOSTRADOR";"6.281.465,23";6281465.23;"8.75%";0.0875
2025;05;Mayo;"INSTAGRAM";"3.309.047,82";3309047.82;"4.61%";0.0461
2025;05;Mayo;"S/D";"1.318.260,00";1318260;"1.84%";0.0184
2025;05;Mayo;"WHATSAPP";"608.954,54";608954.54;"0.85%";0.0085
2025;06;Junio;"MERCADO LIBRE";"47.271.586,27";47271586.27;"72.15%";0.7215
2025;06;Junio;"MAYORISTA";"8.590.856,00";8590856;"13.11%";0.1311
2025;06;Junio;"MOSTRADOR";"4.969.776,52";4969776.52;"7.58%";0.0758
2025;06;Junio;"INSTAGRAM";"4.169.262,55";4169262.55;"6.36%";0.0636
2025;06;Junio;"WHATSAPP";"521.467,77";521467.77;"0.8%";0.008
2025;07;Julio;"MERCADO LIBRE";"45.274.619,50";45274619.5;"73.11%";0.7311
2025;07;Julio;"MAYORISTA";"6.773.169,03";6773169.03;"10.94%";0.1094
2025;07;Julio;"INSTAGRAM";"5.107.238,94";5107238.94;"8.25%";0.0825
2025;07;Julio;"MOSTRADOR";"3.972.749,34";3972749.34;"6.42%";0.0642
2025;07;Julio;"WHATSAPP";"801.014,08";801014.08;"1.29%";0.0129
2025;08;Agosto;"MERCADO LIBRE";"52.057.140,99";52057140.99;"73.88%";0.7387999999999999
2025;08;Agosto;"MAYORISTA";"10.455.334,00";10455334;"14.84%";0.1484
2025;08;Agosto;"INSTAGRAM";"5.697.069,15";5697069.15;"8.09%";0.0809
2025;08;Agosto;"MOSTRADOR";"2.054.096,42";2054096.42;"2.92%";0.0292
2025;08;Agosto;"S/D";"143.000,00";143000;"0.2%";0.002
2025;08;Agosto;"WHATSAPP";"53.500,00";53500;"0.08%";0.0008
2025;09;Septiembre;"MERCADO LIBRE";"43.302.592,05";43302592.05;"70.14%";0.7014
2025;09;Septiembre;"MAYORISTA";"10.429.310,00";10429310;"16.89%";0.1689
2025;09;Septiembre;"INSTAGRAM";"6.259.740,37";6259740.37;"10.14%";0.1014
2025;09;Septiembre;"MOSTRADOR";"1.746.490,42";1746490.42;"2.83%";0.028300000000000002
2025;10;Octubre;"MERCADO LIBRE";"50.286.268,96";50286268.96;"75.72%";0.7572
2025;10;Octubre;"MAYORISTA";"7.295.806,40";7295806.4;"10.99%";0.1099
2025;10;Octubre;"INSTAGRAM";"7.165.510,35";7165510.35;"10.79%";0.1079
2025;10;Octubre;"MOSTRADOR";"1.556.942,49";1556942.49;"2.34%";0.023399999999999997
2025;10;Octubre;"MAYORISTA COSTO";"109.654,45";109654.45;"0.17%";0.0017000000000000001
2025;11;Noviembre;"MERCADO LIBRE";"50.692.210,91";50692210.91;"76.33%";0.7633
2025;11;Noviembre;"MAYORISTA";"7.414.117,00";7414117;"11.16%";0.1116
2025;11;Noviembre;"INSTAGRAM";"7.010.371,64";7010371.64;"10.56%";0.1056
2025;11;Noviembre;"MOSTRADOR";"1.114.666,00";1114666;"1.68%";0.0168
2025;11;Noviembre;"S/D";"180.000,00";180000;"0.27%";0.0027
2025;12;Diciembre;"MERCADO LIBRE";"54.345.995,02";54345995.02;"79.25%";0.7925
2025;12;Diciembre;"INSTAGRAM";"6.910.712,21";6910712.21;"10.08%";0.1008
2025;12;Diciembre;"MAYORISTA";"6.259.270,00";6259270;"9.13%";0.0913
2025;12;Diciembre;"MOSTRADOR";"1.060.200,00";1060200;"1.55%";0.0155
2026;1;Enero;"MERCADO LIBRE";"66.085.684,25";66085684.25;"79.85%";0.7985
2026;1;Enero;"MAYORISTA";"6.652.919,00";6652919;"8.04%";0.08039999999999999
2026;1;Enero;"INSTAGRAM";"6.302.381,21";6302381.21;"7.61%";0.0761
2026;1;Enero;"MAYORISTA COSTO";"2.975.887,06";2975887.06;"3.6%";0.036000000000000004
2026;1;Enero;"MOSTRADOR";"746.389,00";746389;"0.9%";0.009000000000000001
2026;2;Febrero;"MERCADO LIBRE";"44.899.458,49";44899458.49;"67.99%";0.6799
2026;2;Febrero;"INSTAGRAM";"8.137.397,49";8137397.49;"12.32%";0.1232
2026;2;Febrero;"MOSTRADOR";"8.070.830,19";8070830.19;"12.22%";0.1222
2026;2;Febrero;"MAYORISTA";"4.242.645,00";4242645;"6.42%";0.0642
2026;2;Febrero;"MAYORISTA COSTO";"685.461,68";685461.68;"1.04%";0.0104
2026;3;Marzo;"MERCADO LIBRE";"64.094.203,32";64094203.32;"68.95%";0.6895
2026;3;Marzo;"MOSTRADOR";"14.439.003,31";14439003.31;"15.53%";0.1553
2026;3;Marzo;"MAYORISTA";"8.132.360,00";8132360;"8.75%";0.0875
2026;3;Marzo;"INSTAGRAM";"6.286.131,55";6286131.55;"6.76%";0.0676
2026;4;Abril;"MERCADO LIBRE";"48.267.985,18";48267985.18;"61.81%";0.6181
2026;4;Abril;"MOSTRADOR";"13.581.461,51";13581461.51;"17.39%";0.1739
2026;4;Abril;"MAYORISTA";"8.938.464,00";8938464;"11.45%";0.11449999999999999
2026;4;Abril;"INSTAGRAM";"7.301.174,45";7301174.45;"9.35%";0.0935
2026;5;Mayo;"MERCADO LIBRE";"-617.131,21";-617131.21;"100%";1